City_ID,City,Country,Lat,Lng,Max Temp,Humidity,Cloudiness,Wind Speed,Current Description
0,Dikson,RU,73.5069,80.5464,-19.71,97,100,21.34,light snow
1,Port Alfred,ZA,-33.5906,26.891,71.33,91,98,4.92,overcast clouds
2,Hokitika,NZ,-42.7167,170.9667,68.54,72,45,6.76,scattered clouds
3,East London,ZA,-33.0153,27.9116,70.16,93,16,2.73,few clouds
4,Mataura,NZ,-46.1927,168.8643,55.47,78,100,5.35,overcast clouds
5,Georgetown,MY,5.4112,100.3354,80.53,76,20,1.01,few clouds
6,Kalulushi,ZM,-12.8378,28.0919,63.34,95,100,1.63,overcast clouds
7,Mitsamiouli,KM,-11.3847,43.2844,82.18,71,93,4.5,overcast clouds
8,Yafran,LY,32.0633,12.5286,50.0,36,0,11.43,clear sky
9,Albany,US,42.6001,-73.9662,29.23,76,44,1.01,scattered clouds
10,Pelym,RU,61.0108,61.9978,-2.43,86,95,6.8,overcast clouds
11,Hasaki,JP,35.7333,140.8333,45.28,39,6,19.24,clear sky
12,Gabu,GW,12.2833,-14.2167,68.32,66,5,3.71,clear sky
13,Yellowknife,CA,62.456,-114.3525,-20.58,92,100,9.48,overcast clouds
14,Arraial Do Cabo,BR,-22.9661,-42.0278,74.97,92,100,24.18,overcast clouds
15,Rikitea,PF,-23.1203,-134.9692,74.48,76,100,15.46,overcast clouds
16,Kodiak,US,57.79,-152.4072,36.91,70,90,20.71,light rain
17,Zhigansk,RU,66.7697,123.3711,-55.82,100,64,3.06,broken clouds
18,Wenling,CN,28.3669,121.36,59.92,82,100,2.95,overcast clouds
19,Jamestown,US,42.097,-79.2353,35.19,47,1,5.99,clear sky
20,Laguna,US,38.421,-121.4238,56.46,87,90,0.0,overcast clouds
21,Catole Do Rocha,BR,-6.3439,-37.7467,78.64,67,100,4.79,overcast clouds
22,Mahebourg,MU,-20.4081,57.7,76.24,81,68,8.34,broken clouds
23,Bluff,NZ,-46.6,168.3333,55.8,71,100,4.7,overcast clouds
24,Tuktoyaktuk,CA,69.4541,-133.0374,-22.25,99,45,10.16,scattered clouds
25,Ilulissat,GL,69.2167,-51.1,39.22,33,100,31.07,overcast clouds
26,Buala,SB,-8.145,159.5921,85.82,69,96,8.21,light rain
27,Hermanus,ZA,-34.4187,19.2345,62.91,82,8,7.47,clear sky
28,Bambous Virieux,MU,-20.3428,57.7575,76.21,81,73,8.3,broken clouds
29,Makinsk,KZ,52.6292,70.4169,-3.57,94,100,10.07,overcast clouds
30,Cape Town,ZA,-33.9258,18.4232,63.12,83,0,1.48,clear sky
31,Puerto Ayora,EC,-0.7393,-90.3518,70.75,87,100,5.61,overcast clouds
32,Simdega,IN,22.6167,84.5167,57.87,50,1,3.31,clear sky
33,Saskylakh,RU,71.9167,114.0833,-41.49,96,26,10.58,scattered clouds
34,Chokurdakh,RU,70.6333,147.9167,-21.41,98,100,6.42,overcast clouds
35,Tiksi,RU,71.6872,128.8694,-37.5,97,42,6.24,scattered clouds
36,Beloha,MG,-25.1667,45.05,72.88,90,78,11.61,broken clouds
37,Haimen,CN,23.1935,116.6142,65.05,78,83,8.99,broken clouds
38,Thompson,CA,55.7435,-97.8558,-16.98,99,68,4.68,broken clouds
39,Santa Ines,BR,-3.6667,-45.38,73.13,98,64,2.53,broken clouds
40,Punta Arenas,CL,-53.15,-70.9167,46.51,71,0,13.8,clear sky
41,Nikolskoye,RU,59.7035,30.7861,35.87,99,100,4.63,light snow
42,Burghausen,DE,48.1667,12.8333,43.29,30,100,8.12,overcast clouds
43,Ushuaia,AR,-54.8,-68.3,40.66,75,20,3.44,few clouds
44,Iqaluit,CA,63.7506,-68.5145,2.93,78,90,17.27,light snow
45,Cananeia,BR,-25.0147,-47.9267,74.73,97,100,1.86,moderate rain
46,Yeppoon,AU,-23.1333,150.7333,92.98,55,5,11.39,clear sky
47,Saint-Augustin,CA,51.226,-58.6502,-0.2,78,100,12.28,overcast clouds
48,Kibaya,TZ,-5.3,36.5667,57.78,97,94,2.06,overcast clouds
49,Tilichiki,RU,60.4667,166.1,18.45,91,97,8.93,overcast clouds
50,Airai,TL,-8.9266,125.4092,69.82,78,99,2.91,overcast clouds
51,Vestmannaeyjar,IS,63.4427,-20.2734,37.0,67,100,27.49,overcast clouds
52,Bukoba,TZ,-1.3317,31.8122,66.72,77,100,4.29,overcast clouds
53,Ponta Do Sol,PT,32.6667,-17.1,61.72,64,8,7.81,clear sky
54,Hithadhoo,MV,-0.6,73.0833,81.73,72,100,3.2,overcast clouds
55,Nyurba,RU,63.2842,118.3319,-51.43,100,86,2.8,overcast clouds
56,Souillac,MU,-20.5167,57.5167,76.35,84,20,7.63,few clouds
57,Necochea,AR,-38.5473,-58.7368,61.03,64,0,9.19,clear sky
58,Bratsk,RU,56.1325,101.6142,9.09,98,48,3.6,scattered clouds
59,Hilo,US,19.7297,-155.09,80.33,76,20,10.36,light rain
60,Seguin,US,29.5688,-97.9647,58.8,69,1,1.99,clear sky
61,Constitucion,CL,-35.3333,-72.4167,58.21,81,3,12.71,clear sky
62,Busselton,AU,-33.65,115.3333,79.05,46,0,8.57,clear sky
63,Castro Alves,BR,-12.7656,-39.4283,69.69,92,100,3.44,overcast clouds
64,Castro,BR,-24.7911,-50.0119,64.99,96,88,1.03,overcast clouds
65,Ouadda,CF,8.0777,22.4007,66.2,33,100,6.33,overcast clouds
66,Road Town,VG,18.4167,-64.6167,75.0,78,6,15.17,clear sky
67,Barrow,US,71.2906,-156.7887,12.22,73,1,16.11,clear sky
68,Puerto Escondido,MX,15.85,-97.0667,79.63,69,1,0.0,clear sky
69,Aquidauana,BR,-20.4711,-55.7872,74.73,93,52,4.52,broken clouds
70,Asau,RO,46.4333,26.4,51.96,63,100,11.88,overcast clouds
71,Avarua,CK,-21.2078,-159.775,82.45,78,75,16.11,broken clouds
72,Saint-Philippe,RE,-21.3585,55.7679,76.55,80,25,8.79,scattered clouds
73,Victoria,HK,22.2855,114.1577,71.65,73,86,7.0,overcast clouds
74,Maryville,US,35.7565,-83.9705,39.15,98,90,1.99,fog
75,Kapaa,US,22.0752,-159.319,79.12,73,1,1.99,clear sky
76,Oussouye,SN,12.485,-16.5469,71.38,66,5,5.28,clear sky
77,Port Blair,IN,11.6667,92.75,80.83,71,99,8.19,overcast clouds
78,Ushumun,RU,52.7833,126.5333,-8.07,92,100,4.21,overcast clouds
79,Vila Franca Do Campo,PT,37.7167,-25.4333,57.61,75,3,5.17,clear sky
80,Inhambane,MZ,-23.865,35.3833,77.02,77,75,7.07,broken clouds
81,Vaini,TO,-21.2,-175.2,82.56,89,90,16.11,overcast clouds
82,Narsaq,GL,60.9167,-46.05,32.22,96,100,26.24,snow
83,Dolores,AR,-36.3132,-57.6792,60.8,49,56,15.9,broken clouds
84,Hammerfest,NO,70.6634,23.6821,14.45,79,75,13.8,light snow
85,Hobart,AU,-42.8794,147.3294,67.26,74,75,1.99,broken clouds
86,Riyadh,SA,24.6877,46.7219,44.74,50,0,9.24,clear sky
87,Tutoia,BR,-2.7619,-42.2744,80.58,86,100,8.08,overcast clouds
88,Zyryanka,RU,65.75,150.85,-18.49,96,100,8.14,overcast clouds
89,Lasa,IT,46.6166,10.7002,45.34,99,100,4.54,light snow
90,Bredasdorp,ZA,-34.5322,20.0403,59.67,84,0,6.22,clear sky
91,Saint-Pierre,RE,-21.3393,55.4781,76.64,67,0,6.91,clear sky
92,Santa Cruz Del Sur,CU,20.7147,-77.9956,72.46,72,0,8.48,light rain
93,Porto Belo,BR,-27.1578,-48.5531,76.98,88,100,6.31,overcast clouds
94,New Norfolk,AU,-42.7826,147.0587,66.9,49,100,4.0,overcast clouds
95,Naryan-Mar,RU,67.6713,53.087,-23.85,100,86,7.96,overcast clouds
96,Tasiilaq,GL,65.6145,-37.6368,28.56,91,100,39.97,light snow
97,Sokolo,ML,14.7328,-6.1219,67.17,22,16,9.55,few clouds
98,Svetlaya,RU,46.5389,138.3297,10.62,49,0,7.52,clear sky
99,Katsuura,JP,35.1333,140.3,44.71,39,82,19.82,broken clouds
100,Caravelas,BR,-17.7125,-39.2481,73.83,93,16,5.95,few clouds
101,Los Llanos De Aridane,ES,28.6585,-17.9182,63.12,34,20,1.01,few clouds
102,Ikalamavony,MG,-21.15,46.5833,69.46,89,100,2.55,light rain
103,Dingle,PH,10.9995,122.6711,79.65,79,94,14.92,overcast clouds
104,Lalmohan,BD,22.3384,90.7419,64.06,64,0,8.34,clear sky
105,Saravena,CO,6.9538,-71.8752,72.36,54,20,3.89,few clouds
106,Maceio,BR,-9.6658,-35.7353,76.44,94,75,1.14,broken clouds
107,Mae Sai,TH,20.4335,99.8762,67.44,56,0,0.54,clear sky
108,Qaanaaq,GL,77.484,-69.3632,-5.93,60,0,8.72,clear sky
109,Westport,US,41.1415,-73.3579,35.42,67,1,11.01,clear sky
110,Dhidhdhoo,MV,6.8833,73.1,80.91,72,6,2.73,clear sky
111,Albanel,CA,48.8832,-72.4487,12.22,95,100,4.63,overcast clouds
112,Vrangel,RU,42.7297,133.0839,12.81,45,0,9.28,clear sky
113,Kalmunai,LK,7.4167,81.8167,75.83,89,86,9.28,overcast clouds
114,Tambun,ID,-6.2641,107.0712,86.04,70,20,3.44,haze
115,Arlit,NE,18.7369,7.3853,60.89,30,67,5.59,broken clouds
116,Tiarei,PF,-17.5333,-149.3333,86.02,73,26,4.34,light rain
117,Phanat Nikhom,TH,13.4458,101.1844,84.11,91,88,6.2,overcast clouds
118,Sibolga,ID,1.7427,98.7792,81.28,70,39,1.14,scattered clouds
119,Butaritari,KI,3.0707,172.7902,82.89,58,100,6.98,overcast clouds
120,Ribeira Grande,PT,38.5167,-28.7,60.82,74,74,14.61,broken clouds
121,Rawson,AR,-43.3002,-65.1023,60.49,59,1,16.26,clear sky
122,Acapulco,MX,16.8634,-99.8901,78.62,83,1,0.0,clear sky
123,Xingyi,CN,24.1877,102.817,51.49,73,0,2.93,clear sky
124,Bartica,GY,6.4,-58.6167,73.72,94,36,2.42,scattered clouds
125,Klaksvik,FO,62.2266,-6.589,34.72,69,100,29.59,light rain
126,Merritt Island,US,28.5392,-80.672,68.09,86,90,0.0,overcast clouds
127,Nalgonda,IN,17.05,79.2667,64.56,87,60,2.71,broken clouds
128,Champerico,GT,14.3,-91.9167,81.03,72,0,4.97,clear sky
129,Tessalit,ML,20.1986,1.0114,59.72,27,0,8.7,clear sky
130,Bethel,US,41.3712,-73.414,32.31,67,1,5.75,clear sky
131,Srednekolymsk,RU,67.45,153.6833,-11.63,98,100,2.98,light snow
132,Kurilsk,RU,45.2333,147.8833,28.35,86,100,33.44,snow
133,Orlik,RU,52.5178,99.825,-9.54,90,20,1.99,few clouds
134,Manggar,ID,-2.8833,108.2667,84.18,66,28,5.01,scattered clouds
135,Lebu,CL,-37.6167,-73.65,56.12,80,3,19.57,clear sky
136,Sur,OM,22.5667,59.5289,71.92,66,96,13.27,overcast clouds
137,Leningradskiy,RU,69.3833,178.4167,18.1,82,99,1.99,overcast clouds
138,Menongue,AO,-14.6585,17.691,62.24,95,100,3.29,overcast clouds
139,Hovd,MN,48.0056,91.6419,-2.4,79,99,1.43,overcast clouds
140,Esperance,AU,-33.8667,121.9,71.98,52,23,15.41,few clouds
141,Cordoba,AR,-31.4135,-64.1811,77.76,59,0,4.0,clear sky
142,Tarnos,FR,43.5417,-1.4628,51.82,76,75,12.66,broken clouds
143,Mar Del Plata,AR,-38.0023,-57.5575,65.08,67,20,1.99,few clouds
144,Vigia Del Fuerte,CO,6.5789,-76.8863,73.65,97,76,0.74,broken clouds
145,Chicama,PE,-7.8447,-79.1469,64.94,74,92,5.23,overcast clouds
146,Sajanan,TN,37.0573,9.2426,47.32,43,0,6.2,clear sky
147,Finnsnes,NO,69.2296,17.9811,21.16,96,100,1.81,light snow
148,Bubaque,GW,11.2833,-15.8333,79.47,71,3,6.71,clear sky
149,Caarapo,BR,-22.6342,-54.8222,70.74,91,55,6.29,broken clouds
150,Grafton,US,42.207,-71.6856,27.46,61,1,3.0,clear sky
151,Flinders,AU,-34.5833,150.8552,79.81,72,60,8.46,broken clouds
152,Iranshahr,IR,27.2025,60.6848,50.34,93,0,6.91,mist
153,Goderich,CA,43.7501,-81.7165,32.92,69,100,11.5,overcast clouds
154,Tuy Hoa,VN,13.0833,109.3,75.83,84,82,5.79,broken clouds
155,Alice Springs,AU,-23.7,133.8833,90.95,12,0,11.5,clear sky
156,Vostok,RU,46.4856,135.8833,-4.76,82,4,2.98,clear sky
157,Sao Filipe,CV,14.8961,-24.4956,73.47,64,100,5.23,overcast clouds
158,Rio Grande,BR,-32.035,-52.0986,71.49,91,98,9.95,overcast clouds
159,Torbay,CA,47.6666,-52.7314,15.58,86,90,21.85,light shower snow
160,Turukhansk,RU,65.8167,87.9833,22.26,96,100,16.4,light snow
161,Moose Factory,CA,51.2585,-80.6094,-14.82,76,40,4.61,scattered clouds
162,Portland,US,45.5234,-122.6762,46.45,94,90,1.01,light rain
163,Brownsville,US,25.9018,-97.4975,64.09,80,1,4.61,clear sky
164,Paita,PE,-5.0892,-81.1144,68.56,78,85,12.46,overcast clouds
165,Ust-Maya,RU,60.4167,134.5333,-41.51,99,63,0.67,broken clouds
166,Tazovskiy,RU,67.4667,78.7,-9.72,92,68,16.93,broken clouds
167,Chuy,UY,-33.6971,-53.4616,68.68,87,100,16.67,moderate rain
168,Langsa,ID,4.4683,97.9683,77.36,87,38,4.41,scattered clouds
169,Singaraja,ID,-8.112,115.0882,79.97,75,100,4.41,overcast clouds
170,Rusne,LT,55.2964,21.3758,39.29,90,100,17.56,overcast clouds
171,Ancud,CL,-41.8697,-73.8203,53.13,83,40,5.35,scattered clouds
172,Jinchang,CN,38.4953,102.1739,21.6,49,37,0.74,scattered clouds
173,Talnakh,RU,69.4865,88.3972,11.21,92,100,16.02,light snow
174,Abu Samrah,SY,35.3029,37.1841,49.32,91,10,6.42,clear sky
175,Carnarvon,AU,-24.8667,113.6333,87.87,62,0,16.11,clear sky
176,Gravdal,NO,68.1214,13.5031,32.02,64,100,27.36,light snow
177,Inuvik,CA,68.3499,-133.7218,-25.02,94,16,11.25,few clouds
178,Te Anau,NZ,-45.4167,167.7167,69.85,57,17,7.14,few clouds
179,Atuona,PF,-9.8,-139.0333,78.94,71,9,16.2,clear sky
180,Somogyvar,HU,46.5814,17.6629,49.51,74,100,20.51,overcast clouds
181,Ahipara,NZ,-35.1667,173.1667,75.51,58,99,12.06,overcast clouds
182,Rockland,US,41.1668,-74.0496,32.63,71,66,5.7,broken clouds
183,Tura,IN,25.5198,90.2201,59.61,64,2,3.02,clear sky
184,Siniscola,IT,40.5719,9.6922,53.15,63,100,7.23,overcast clouds
185,Cherskiy,RU,68.75,161.3,3.34,98,100,5.59,overcast clouds
186,Leca Da Palmeira,PT,41.191,-8.7003,48.11,93,40,0.0,scattered clouds
187,Severo-Kurilsk,RU,50.6789,156.125,28.96,64,19,10.38,few clouds
188,Vangaindrano,MG,-23.35,47.6,74.1,94,54,1.34,broken clouds
189,Praya,CV,14.9215,-23.5087,70.34,78,20,12.66,few clouds
190,Artyshta,RU,54.1222,86.2909,26.8,93,100,8.81,light snow
191,Bac Lieu,VN,9.285,105.7244,82.09,69,95,16.33,overcast clouds
192,Umm Lajj,SA,25.0213,37.2685,67.44,38,0,9.86,clear sky
193,Ucluelet,CA,48.9329,-125.5528,35.1,91,100,4.94,overcast clouds
194,Pevek,RU,69.7008,170.3133,14.27,86,100,9.13,overcast clouds
195,Nome,US,64.5011,-165.4064,15.87,35,1,13.8,clear sky
196,Poopo,BO,-18.3667,-66.9667,47.46,64,47,7.36,scattered clouds
197,Liverpool,GB,53.4106,-2.9779,42.75,76,75,13.0,broken clouds
198,Hit,IQ,33.6416,42.8251,51.12,37,86,0.76,overcast clouds
199,Rocha,UY,-34.4833,-54.3333,68.47,60,100,15.1,overcast clouds
200,Saint-Gabriel,CA,46.3001,-73.3824,19.22,98,100,2.86,overcast clouds
201,Cidreira,BR,-30.1811,-50.2056,74.91,93,83,5.01,broken clouds
202,Vila Velha,BR,-20.3297,-40.2925,76.95,89,75,8.01,broken clouds
203,Provideniya,RU,64.3833,-173.3,10.81,54,1,10.67,clear sky
204,Marsabit,KE,2.3284,37.9899,68.45,60,100,12.15,overcast clouds
205,Bako,ET,5.7833,36.5667,68.25,55,89,1.52,overcast clouds
206,Moindou,NC,-21.6924,165.677,78.75,67,96,2.91,overcast clouds
207,Kutum,SD,14.2,24.6667,51.35,35,52,6.71,broken clouds
208,Namibe,AO,-15.1961,12.1522,67.77,85,88,3.29,overcast clouds
209,Gat,IL,31.61,34.7642,58.41,100,68,5.3,broken clouds
210,Baghdad,IQ,33.3406,44.4009,40.91,93,80,3.44,mist
211,Valleyview,CA,55.0667,-117.2859,-25.56,68,100,4.61,overcast clouds
212,Port Elizabeth,ZA,-33.918,25.5701,71.1,88,90,18.41,overcast clouds
213,Owatonna,US,44.0839,-93.226,31.87,79,90,1.99,overcast clouds
214,Bengkulu,ID,-3.8004,102.2655,80.17,75,62,3.94,broken clouds
215,Coromandel,BR,-18.4733,-47.2003,66.43,98,100,3.33,overcast clouds
216,Port Lincoln,AU,-34.7333,135.8667,64.89,61,94,19.24,overcast clouds
217,Comodoro Rivadavia,AR,-45.8667,-67.5,55.26,71,0,4.61,clear sky
218,Eirunepe,BR,-6.6603,-69.8736,74.03,97,100,2.95,overcast clouds
219,Synya,RU,65.3718,58.0387,-11.54,98,100,3.62,overcast clouds
220,Sretensk,RU,52.2453,117.7093,-16.04,95,67,0.09,broken clouds
221,Seoul,KR,37.5683,126.9778,27.79,46,0,4.61,clear sky
222,Arman,RU,59.7,150.1667,19.02,94,100,12.66,snow
223,Lompoc,US,34.6391,-120.4579,58.14,86,90,6.91,mist
224,Saint George,US,37.1041,-113.5841,47.35,53,1,3.0,clear sky
225,Valparaiso,CL,-33.0393,-71.6273,64.04,63,0,3.44,clear sky
226,Soe,ID,-9.8607,124.284,73.99,80,100,3.96,overcast clouds
227,Qasigiannguit,GL,68.8193,-51.1922,39.45,49,98,16.31,light rain
228,Kirakira,SB,-10.4544,161.9205,84.92,74,41,10.18,scattered clouds
229,Miraflores,MX,19.2167,-98.8083,65.05,54,0,2.19,clear sky
230,Dunedin,NZ,-45.8742,170.5036,57.97,93,98,12.37,overcast clouds
231,Longyearbyen,SJ,78.2186,15.6401,-2.36,71,0,12.66,clear sky
232,Lorengau,PG,-2.0226,147.2712,83.05,74,100,10.71,overcast clouds
233,Labis,MY,2.385,103.021,78.33,84,35,4.5,scattered clouds
234,Muros,ES,42.7762,-9.0603,49.23,96,59,3.56,broken clouds
235,Brae,GB,60.3964,-1.353,40.91,71,83,33.82,broken clouds
236,Vestmanna,FO,62.1564,-7.1664,32.92,69,75,18.41,light snow
237,Qui Nhon,VN,13.7667,109.2333,74.95,85,37,6.89,scattered clouds
238,Livingston,GB,55.9029,-3.5226,38.8,80,20,9.22,few clouds
239,Burns Lake,CA,54.2331,-125.7533,-13.58,96,100,1.95,overcast clouds
240,Labuhan,ID,-6.8844,112.2051,82.65,72,89,6.78,overcast clouds
241,Kaputa,ZM,-8.4689,29.6619,67.78,89,100,2.95,light rain
242,Alofi,NU,-19.0595,-169.9187,85.89,70,99,8.05,light rain
243,Gizo,SB,-8.103,156.8419,84.34,74,90,9.24,light rain
244,Codrington,AU,-38.2667,141.9667,60.67,95,100,24.87,overcast clouds
245,Debre Sina,ET,9.85,39.7667,51.44,97,95,3.47,light rain
246,Salinopolis,BR,-0.6136,-47.3561,77.61,85,85,7.38,overcast clouds
247,Clyde River,CA,70.4692,-68.5914,-0.17,85,100,26.46,light snow
248,Olafsvik,IS,64.8945,-23.7142,33.85,74,100,19.98,overcast clouds
249,Wattegama,LK,6.7989,81.4808,74.39,88,97,3.42,overcast clouds
250,Ambilobe,MG,-13.2,49.05,75.02,93,91,2.8,overcast clouds
251,Dudinka,RU,69.4058,86.1778,11.62,92,100,22.97,light snow
252,Itaituba,BR,-4.2761,-55.9836,73.11,98,100,1.86,overcast clouds
253,Anadyr,RU,64.75,177.4833,12.7,85,0,0.0,clear sky
254,Kalavad,IN,22.2167,70.3833,70.36,66,82,6.67,broken clouds
255,Tombouctou,ML,20.0,-3.0,60.51,27,0,10.29,clear sky
256,Intipuca,SV,13.1969,-88.0544,82.35,60,71,1.88,broken clouds
257,Norman Wells,CA,65.282,-126.8329,-43.56,66,20,2.3,few clouds
258,Amberley,US,39.2048,-84.428,41.31,74,1,5.99,clear sky
259,Jos,NG,9.9167,8.9,57.49,50,94,3.62,overcast clouds
260,George,ZA,-33.963,22.4617,62.15,94,90,8.05,overcast clouds
261,Kihei,US,20.785,-156.4656,80.62,76,20,16.11,few clouds
262,Uchkent,RU,43.1143,47.0826,43.14,80,75,12.91,broken clouds
263,Beringovskiy,RU,63.05,179.3167,10.9,90,98,5.66,overcast clouds
264,Porto Novo,BJ,6.4965,2.6036,78.75,76,100,4.12,overcast clouds
265,Korla,CN,41.7597,86.1469,22.42,60,98,3.24,overcast clouds
266,Geraldton,AU,-28.7667,114.6,100.81,20,0,10.36,clear sky
267,Natal,BR,-5.795,-35.2094,81.25,83,75,12.66,broken clouds
268,Tulun,RU,54.5611,100.5792,-4.29,100,42,3.69,scattered clouds
269,Belaya Gora,RU,68.5333,146.4167,-26.48,97,100,1.48,overcast clouds
270,Lagoa,PT,39.05,-27.9833,58.73,67,97,6.04,overcast clouds
271,Ambon,ID,-3.6954,128.1814,86.14,66,40,3.44,scattered clouds
272,Kaeo,NZ,-35.1,173.7833,78.24,55,85,4.43,overcast clouds
273,Nanortalik,GL,60.1432,-45.2371,27.91,93,100,28.03,snow
274,Kruisfontein,ZA,-34.0033,24.7314,68.88,92,12,12.3,few clouds
275,Powell,US,40.1578,-83.0752,38.34,67,1,1.01,clear sky
276,Chulman,RU,56.8479,124.9104,-21.44,100,99,0.72,overcast clouds
277,Carballo,ES,43.213,-8.691,49.87,94,73,2.82,broken clouds
278,Pisco,PE,-13.7,-76.2167,71.02,88,0,11.5,clear sky
279,Balabac,PH,7.9868,117.0645,80.85,79,100,16.96,light rain
280,Verkhnyaya Inta,RU,65.9811,60.3094,-13.22,98,100,11.21,overcast clouds
281,Mahibadhoo,MV,3.7833,72.9667,81.43,77,92,15.3,overcast clouds
282,Lotofaga,WS,-13.9764,-171.8578,82.18,78,98,13.62,light rain
283,Qaqortoq,GL,60.7167,-46.0333,32.5,95,100,27.81,snow
284,San Andres,CO,12.5847,-81.7006,80.62,74,20,13.8,few clouds
285,Burnie,AU,-41.0667,145.9167,67.91,67,100,11.97,overcast clouds
286,Bilma,NE,18.6853,12.9164,56.57,41,56,6.64,broken clouds
287,Cedar City,US,37.6775,-113.0619,35.4,61,1,5.75,clear sky
288,Awbari,LY,26.5921,12.7805,50.97,55,0,6.69,clear sky
289,Kamenka,RU,51.3223,42.7678,1.74,100,60,2.84,broken clouds
290,Elko,US,41.0002,-115.5012,35.62,93,97,8.79,overcast clouds
291,Lata,PT,40.1629,-8.3327,51.82,91,99,3.31,overcast clouds
292,Rantoul,US,40.3084,-88.1559,36.45,77,1,8.01,clear sky
293,Sitka,US,57.0531,-135.33,15.69,53,40,11.5,scattered clouds
294,Marawi,PH,7.9986,124.2928,73.65,72,94,4.03,overcast clouds
295,Rincon,US,32.296,-81.2354,55.85,85,90,5.75,overcast clouds
296,Kisangani,CD,0.5167,25.2,67.82,97,100,1.81,overcast clouds
297,Kieta,PG,-6.2167,155.6333,87.3,66,45,3.78,light rain
298,Ulaanbaatar,MN,47.9077,106.8832,-11.07,70,2,2.24,clear sky
299,Cabo San Lucas,MX,22.8909,-109.9124,71.91,65,1,6.91,clear sky
300,Ngunguru,NZ,-35.6167,174.5,72.5,69,83,10.67,broken clouds
301,Sembe,CG,1.6481,14.5806,70.74,73,77,2.15,broken clouds
302,Campoverde,PE,-8.4753,-74.8058,82.09,45,100,2.44,overcast clouds
303,Tres Arroyos,AR,-38.3739,-60.2798,53.35,67,3,6.64,clear sky
304,Shahdadkot,PK,27.8477,67.9055,57.34,85,100,5.06,overcast clouds
305,Zdvinsk,RU,54.7021,78.661,0.95,92,99,7.61,overcast clouds
306,Vila,PT,42.0304,-8.1588,38.75,92,84,2.93,broken clouds
307,Namatanai,PG,-3.6667,152.4333,84.02,74,86,11.32,light rain
308,Tarakan,ID,3.3,117.6333,83.7,74,40,8.05,scattered clouds
309,Hofn,IS,64.2539,-15.2082,23.16,58,21,7.36,few clouds
310,Touros,BR,-5.1989,-35.4608,81.5,74,11,13.31,few clouds
311,Abasolo,MX,20.45,-101.5167,61.54,30,0,1.81,clear sky
312,Korgen,NO,66.0771,13.8153,27.27,93,100,2.17,overcast clouds
313,Auki,SB,-8.7676,160.7034,84.45,71,88,9.55,overcast clouds
314,Nara,JP,34.6851,135.8049,46.49,39,74,10.71,broken clouds
315,Kyzyl-Suu,KG,42.3414,78.0056,27.63,77,100,4.38,overcast clouds
316,Suntar,RU,62.1444,117.6319,-34.91,98,100,2.75,overcast clouds
317,Teya,RU,60.3778,92.6267,21.69,91,100,8.34,overcast clouds
318,Hamilton,US,39.1834,-84.5333,41.76,75,1,1.99,clear sky
319,Kintampo,GH,8.0563,-1.7306,78.75,22,89,4.12,overcast clouds
320,Nagtipunan,PH,16.2167,121.6,77.72,64,73,2.51,broken clouds
321,Lavrentiya,RU,65.5833,-171.0,4.1,56,25,5.19,scattered clouds
322,Baiao,BR,-2.7906,-49.6717,72.81,99,87,1.86,overcast clouds
323,Bayburt,TR,40.2589,40.2278,20.73,97,100,0.49,overcast clouds
324,Santa Rosa,PH,14.3122,121.1114,83.08,68,72,15.08,broken clouds
325,Baykit,RU,61.67,96.37,8.98,98,100,3.22,overcast clouds
326,Ovalle,CL,-30.5983,-71.2003,71.65,56,0,3.47,clear sky
327,Itarema,BR,-2.9248,-39.9167,78.8,84,72,13.11,broken clouds
328,Kousseri,CM,12.0769,15.0306,62.56,36,89,6.91,overcast clouds
329,Ust-Ishim,RU,57.6935,71.1665,-4.05,95,62,7.9,broken clouds
330,Havoysund,NO,70.9963,24.6622,14.88,90,100,17.74,light snow
331,Durres,AL,41.3231,19.4414,51.98,77,63,7.49,broken clouds
332,Warren,US,39.4334,-84.1666,41.07,76,1,1.99,clear sky
333,Gigmoto,PH,13.7796,124.39,77.36,78,98,15.12,overcast clouds
334,Ayorou,NE,14.7308,0.9174,65.34,26,1,9.86,clear sky
335,Egvekinot,RU,66.3167,-179.1667,6.37,89,100,2.57,overcast clouds
336,Anuradhapura,LK,8.3565,80.4173,73.13,89,84,3.58,broken clouds
337,Tocopilla,CL,-22.092,-70.1979,68.76,73,12,1.92,few clouds
338,Akranes,IS,64.3218,-22.0749,32.56,79,100,20.02,overcast clouds
339,Ugoofaaru,MV,5.6667,73.0,81.84,75,54,10.13,broken clouds
340,Casas Grandes,MX,30.3667,-107.95,50.45,27,4,3.98,clear sky
341,Santa Cruz,BO,-17.8,-63.1667,78.26,89,40,6.91,scattered clouds
342,Rafai,CF,4.95,23.9167,68.49,45,97,1.66,overcast clouds
343,Bonavista,CA,48.6499,-53.1147,15.12,71,100,31.34,overcast clouds
344,Bambanglipuro,ID,-7.95,110.2833,82.71,67,86,5.75,overcast clouds
345,Gladstone,AU,-23.85,151.25,91.33,52,7,11.5,clear sky
346,Cockburn Town,TC,21.4612,-71.1419,78.24,74,0,14.97,clear sky
347,Semnan,IR,35.5729,53.3971,37.53,63,83,2.89,broken clouds
348,Igarka,RU,67.4667,86.5833,17.96,94,100,15.19,snow
349,Port Hedland,AU,-20.3167,118.5667,89.65,74,10,11.5,clear sky
350,Faya,SA,18.3851,42.4509,48.72,92,27,2.73,scattered clouds
351,Saint-Francois,FR,46.4154,3.9054,42.67,81,90,13.8,overcast clouds
352,Aklavik,CA,68.2191,-135.0107,-17.68,93,20,12.59,few clouds
353,Kaka,TM,37.3482,59.6143,41.47,67,74,3.87,broken clouds
354,Atasu,KZ,48.6814,71.6433,10.38,96,100,5.68,overcast clouds
355,Upernavik,GL,72.7868,-56.1549,3.78,99,100,15.75,overcast clouds
356,Omboue,GA,-1.5746,9.2618,76.69,91,100,5.64,overcast clouds
357,Kysyl-Syr,RU,63.8986,122.7617,-55.35,100,59,1.07,broken clouds
358,Trincomalee,LK,8.5711,81.2335,77.95,83,20,9.95,few clouds
359,Mackay,AU,-21.15,149.2,98.69,65,54,6.22,broken clouds
360,Chapais,CA,49.7834,-74.8492,-0.62,99,100,0.27,overcast clouds
361,Batagay-Alyta,RU,67.8006,130.4114,-43.31,97,35,3.89,scattered clouds
362,Misratah,LY,32.3754,15.0925,59.11,47,0,11.99,clear sky
363,Baracoa,CU,20.3467,-74.4958,72.99,83,7,4.61,clear sky
364,Colonia,DE,50.9333,6.95,38.95,93,40,1.01,scattered clouds
365,Youkounkoun,GN,12.5333,-13.1333,73.2,23,3,1.48,clear sky
366,Khani,GE,41.9563,42.9566,27.97,97,100,3.85,light snow
367,Batemans Bay,AU,-35.7167,150.1833,79.99,63,79,8.75,broken clouds
368,Kon Tum,VN,14.35,108.0,73.96,69,4,2.3,clear sky
369,San Patricio,US,28.017,-97.5169,66.29,76,0,9.04,clear sky
370,Pingliang,CN,35.5392,106.6861,29.95,68,7,3.51,clear sky
371,Fort Nelson,CA,58.8053,-122.7002,-31.41,68,75,0.0,light snow
372,Okha,RU,53.5739,142.9478,-7.29,90,69,21.88,broken clouds
373,Heze,CN,35.2431,115.4411,35.31,99,100,6.08,overcast clouds
374,Yumen,CN,40.2833,97.2,18.25,45,2,9.75,clear sky
375,Yar-Sale,RU,66.8333,70.8333,-11.81,92,100,19.82,overcast clouds
376,Banjarmasin,ID,-3.3244,114.591,86.14,76,100,3.4,overcast clouds
377,Pilar,BR,-9.5972,-35.9567,75.13,84,88,5.06,overcast clouds
378,Sharlyk,RU,52.9167,54.75,-4.05,100,50,5.39,scattered clouds
379,Kavieng,PG,-2.5744,150.7967,84.07,71,64,10.85,broken clouds
380,Makakilo City,US,21.3469,-158.0858,79.12,74,90,10.36,light rain
381,Espanola,US,35.9911,-106.0806,40.98,46,35,3.71,scattered clouds
382,Aras,ES,42.5617,-2.356,39.63,85,100,15.05,overcast clouds
383,Pochutla,MX,15.7432,-96.4661,77.85,82,0,2.82,clear sky
384,Panguna,PG,-6.3164,155.4848,84.65,57,55,2.15,light rain
385,Taoudenni,ML,22.6783,-3.9836,62.46,23,0,8.7,clear sky
386,Flin Flon,CA,54.7682,-101.865,-13.54,91,100,8.03,overcast clouds
387,Solnechnyy,RU,50.7214,136.6319,-10.97,88,21,3.49,few clouds
388,Pocatello,US,42.8713,-112.4455,30.88,77,90,8.01,overcast clouds
389,Inongo,CD,-1.95,18.2667,70.75,88,100,2.13,overcast clouds
390,Avdon,RU,54.6667,55.7167,-13.68,76,0,2.24,clear sky
391,Baliuag,PH,14.9333,120.8833,84.2,56,64,11.3,broken clouds
392,Turbaco,CO,10.3294,-75.4114,76.75,78,20,14.97,few clouds
393,Ingham,US,42.6,-84.3833,33.75,75,1,14.97,clear sky
394,Tezu,IN,27.9167,96.1667,62.87,41,58,1.45,broken clouds
395,Sandomierz,PL,50.6827,21.749,46.92,85,100,5.99,overcast clouds
396,Lofthus,NO,59.9468,10.8018,27.82,92,100,3.94,overcast clouds
397,Voka,EE,59.3997,27.5817,32.94,98,100,7.27,overcast clouds
398,Tarbagatay,RU,51.4803,107.3602,-15.27,95,8,1.16,clear sky
399,Turkmenabat,TM,39.0733,63.5786,35.58,100,90,11.5,overcast clouds
400,Pemangkat,ID,1.1667,108.9667,81.0,82,11,5.86,few clouds
401,Skibbereen,IE,51.55,-9.2667,35.4,59,75,3.0,broken clouds
402,Kaitangata,NZ,-46.2817,169.8464,59.94,64,100,7.99,overcast clouds
403,Roxana,CR,10.2753,-83.7513,79.32,93,6,3.53,clear sky
404,Kawalu,ID,-7.3817,108.2082,80.55,72,90,2.71,overcast clouds
405,Salalah,OM,17.0151,54.0924,73.49,46,0,17.27,clear sky
406,Chauk,MM,20.8833,94.8167,67.5,59,0,6.6,clear sky
407,Kourou,GF,5.1552,-52.6478,77.11,87,99,7.52,overcast clouds
408,Laminusa,PH,5.5549,120.9136,81.07,74,85,0.94,moderate rain
409,Coihaique,CL,-45.5752,-72.0662,54.21,96,75,5.64,broken clouds
410,Hualmay,PE,-11.0964,-77.6139,70.18,84,100,8.93,overcast clouds
411,Carutapera,BR,-1.195,-46.02,75.0,93,45,5.61,scattered clouds
412,Atar,MR,20.5169,-13.0499,63.61,22,100,7.96,overcast clouds
413,Luganville,VU,-15.5333,167.1667,85.17,74,100,10.94,overcast clouds
414,Coquimbo,CL,-29.9533,-71.3436,62.33,88,0,4.61,clear sky
415,Amapa,BR,1.0,-52.0,70.66,98,72,2.1,broken clouds
416,Nizwa,OM,22.9333,57.5333,59.94,68,2,3.74,clear sky
417,Aripuana,BR,-9.1667,-60.6333,72.48,99,100,2.33,overcast clouds
418,Mayo,US,38.8876,-76.5119,32.07,89,78,1.01,broken clouds
419,Erenhot,CN,43.6475,111.9767,13.91,53,0,1.68,clear sky
420,Ossora,RU,59.2353,163.0719,30.51,89,100,22.19,light snow
421,Guerrero Negro,MX,27.9769,-114.0611,58.98,76,7,10.22,clear sky
422,Puntarenas,CR,9.9763,-84.8384,80.53,72,6,5.32,clear sky
423,Sioux Lookout,CA,50.1001,-91.917,-0.02,78,75,2.3,broken clouds
424,Miguel Hidalgo,MX,19.4225,-99.2028,65.61,38,1,5.75,clear sky
425,Marathon,US,44.9,-89.7668,29.19,80,90,5.75,overcast clouds
426,Talcahuano,CL,-36.7167,-73.1167,60.48,72,0,11.5,clear sky
427,Onguday,RU,50.75,86.15,15.28,94,100,2.3,overcast clouds
428,Angoche,MZ,-16.2325,39.9086,77.59,85,100,4.05,overcast clouds
429,Lokoja,NG,7.8024,6.743,75.42,27,100,0.29,overcast clouds
430,Siena,IT,43.2167,11.4,55.83,93,74,6.31,broken clouds
431,Koutiala,ML,12.3917,-5.4642,69.03,19,0,9.17,clear sky
432,Xuanhua,CN,40.6103,115.0447,23.14,44,21,2.15,few clouds
433,Henties Bay,NA,-22.116,14.2845,61.86,93,10,1.97,clear sky
434,Akureyri,IS,65.6835,-18.0878,6.73,78,0,4.61,clear sky
435,Yuzhno-Kurilsk,RU,44.0306,145.8556,25.43,80,98,32.35,light snow
436,Grindavik,IS,63.8424,-22.4338,32.47,93,75,19.57,light snow
437,Santo Antonio,BR,-6.3106,-35.4789,80.56,80,32,7.76,scattered clouds
438,Cayenne,GF,4.9333,-52.3333,77.09,84,90,2.3,overcast clouds
439,Gimbi,ET,9.1667,35.8333,56.03,64,97,2.01,overcast clouds
440,Husavik,IS,66.0449,-17.3389,6.71,81,38,14.18,scattered clouds
441,Adrar,MR,20.5022,-10.0711,58.91,27,56,9.48,broken clouds
442,Campbeltown,GB,55.4258,-5.6076,41.05,69,99,24.16,overcast clouds
443,Dongying,CN,37.4564,118.4856,34.0,58,100,6.02,overcast clouds
444,Sijunjung,ID,-0.6876,100.9537,78.17,77,22,1.14,few clouds
445,Alihe,CN,50.5667,123.7167,4.03,89,100,3.44,overcast clouds
446,Hiranagar,IN,32.45,75.2667,56.91,78,100,5.08,moderate rain
447,Beaupre,CA,47.0443,-70.8953,17.6,79,96,3.44,overcast clouds
448,Luis Correia,BR,-2.8792,-41.6669,80.6,89,75,9.22,broken clouds
449,Haysville,US,37.5645,-97.3523,50.29,46,1,5.01,clear sky
450,General Pico,AR,-35.6566,-63.7568,67.41,22,0,9.44,clear sky
451,Keti Bandar,PK,24.1447,67.4497,66.27,82,100,5.75,overcast clouds
452,Naze,JP,28.3667,129.4833,63.52,60,67,5.44,broken clouds
453,Hailar,CN,49.2,119.7,-4.63,94,84,3.33,broken clouds
454,Alpena,US,45.0617,-83.4327,31.17,68,1,1.01,clear sky
455,Griffith,US,41.5284,-87.4237,35.53,72,1,4.0,clear sky
456,Kasamwa,TZ,-2.85,32.4333,62.55,88,100,3.33,overcast clouds
457,Maniitsoq,GL,65.4167,-52.9,38.75,49,100,25.86,overcast clouds
458,Resavica,RS,44.0408,21.5816,43.16,83,2,4.61,clear sky
459,Rehoboth,NA,-23.3167,17.0833,66.42,31,64,3.51,broken clouds
460,Golden,US,39.7555,-105.2211,40.48,48,1,4.0,clear sky
461,Pahrump,US,36.2083,-115.9839,47.1,40,1,1.01,clear sky
462,Dossor,KZ,47.5272,52.9811,33.84,98,100,11.48,light rain
463,Saravan,AM,39.7196,45.6483,16.45,88,93,6.31,overcast clouds
464,Kaele,CM,10.1092,14.4508,68.34,32,73,10.18,broken clouds
465,Iquique,CL,-20.2208,-70.1431,69.84,79,53,1.59,broken clouds
466,Saldanha,ZA,-33.0117,17.9442,57.25,86,0,4.81,clear sky
467,Port Macquarie,AU,-31.4333,152.9167,80.56,88,75,11.5,broken clouds
468,Saint-Georges,GD,12.0564,-61.7485,74.88,88,40,0.0,scattered clouds
469,Porosozero,RU,62.7191,32.727,12.97,95,100,6.76,light snow
470,Yenagoa,NG,4.9247,6.2642,76.42,84,41,2.66,scattered clouds
471,Fortuna,US,40.5982,-124.1573,52.14,94,90,8.99,overcast clouds
472,Goleniow,PL,53.5639,14.8285,37.49,100,20,5.75,few clouds
473,Shakawe,BW,-18.3667,21.85,69.39,83,70,2.71,broken clouds
474,Hami,CN,42.8,93.45,22.28,48,85,8.05,overcast clouds
475,Victor Harbor,AU,-35.5667,138.6167,68.79,78,89,5.01,overcast clouds
476,Byron Bay,AU,-28.65,153.6167,80.87,87,14,10.96,few clouds
477,Emba,KZ,48.8264,58.1442,27.86,97,100,18.34,snow
478,Calama,CL,-22.4667,-68.9333,59.16,36,0,6.2,clear sky
479,Half Moon Bay,US,37.4636,-122.4286,56.52,92,90,0.0,mist
480,Broome,US,42.2506,-75.833,31.01,73,1,3.0,clear sky
481,Pangody,RU,65.85,74.4859,-9.76,94,100,15.5,overcast clouds
482,Pacific Grove,US,36.6177,-121.9166,55.81,91,75,1.99,fog
483,Yokaichi,JP,35.1139,136.2037,45.72,77,72,11.1,broken clouds
484,Pathankot,IN,32.2833,75.65,56.79,80,100,5.64,light rain
485,Matay,EG,28.419,30.7792,52.12,71,0,4.29,clear sky
486,Poronaysk,RU,49.2167,143.1167,5.54,75,100,7.16,overcast clouds
487,Ballina,AU,-28.8667,153.5667,80.78,95,90,16.11,overcast clouds
488,Prince Rupert,CA,54.3161,-130.3201,22.69,57,1,4.61,clear sky
489,Balkhash,KZ,46.844,74.9804,21.81,86,90,11.18,overcast clouds
490,Chancay,PE,-11.5714,-77.2672,75.33,86,100,5.88,overcast clouds
491,Karratha,AU,-20.7377,116.8463,93.65,48,8,13.4,clear sky
492,Mandera,KE,3.9366,41.867,78.42,71,82,9.53,broken clouds
493,Warwick,US,41.7001,-71.4162,32.14,75,1,5.75,clear sky
494,Russell,US,32.3502,-85.1999,46.9,92,75,0.0,broken clouds
495,Ndele,CF,8.4109,20.6473,69.98,30,100,7.29,overcast clouds
496,Novyy Urengoy,RU,66.0833,76.6333,-8.57,93,100,15.97,overcast clouds
497,Galle,LK,6.0367,80.217,79.11,83,85,7.16,overcast clouds
498,Zapolyarnyy,RU,69.4154,30.8136,7.88,93,100,14.18,overcast clouds
499,Khatanga,RU,71.9667,102.5,-22.29,83,62,17.69,broken clouds
500,Hanstholm,DK,57.1167,8.6167,36.75,73,95,17.2,light rain
501,Santa Marta,CO,11.2408,-74.199,81.99,66,20,21.99,few clouds
502,Port Augusta,AU,-32.5,137.7667,77.7,39,0,20.31,clear sky
503,Nexo,DK,55.0607,15.1306,39.29,83,33,24.7,scattered clouds
504,Kananga,CD,-5.8958,22.4178,67.84,98,100,0.45,moderate rain
505,Berezovyy,RU,51.6667,135.7,-7.98,77,3,1.66,clear sky
506,Sabang,ID,5.8933,95.3214,80.76,77,90,18.77,overcast clouds
507,Swiecie,PL,53.4095,18.4474,38.8,85,100,9.53,overcast clouds
508,Itoman,JP,26.1247,127.6694,70.18,67,75,12.66,broken clouds
509,Faanui,PF,-16.4833,-151.75,80.78,70,11,1.3,few clouds
510,Tabou,CI,4.423,-7.3528,78.37,82,10,6.31,clear sky
511,Athens,GR,37.9795,23.7162,57.38,83,0,1.01,clear sky
512,Tibacuy,CO,4.3511,-72.4564,79.56,40,65,8.12,broken clouds
513,Atlantic City,US,39.3643,-74.4229,32.99,84,1,3.44,clear sky
514,Penzance,GB,50.1186,-5.5371,42.76,55,99,19.13,overcast clouds
515,Bathsheba,BB,13.2167,-59.5167,76.73,74,15,12.64,few clouds
516,Inirida,CO,3.8653,-67.9239,74.64,70,32,2.68,scattered clouds
517,Balangiga,PH,11.1097,125.3875,78.98,84,70,13.09,broken clouds
518,Floro,NO,61.5996,5.0328,37.36,65,90,8.05,overcast clouds
519,Aswan,EG,24.0934,32.907,53.92,61,5,8.1,clear sky
520,Codajas,BR,-3.8367,-62.0569,76.14,87,100,2.91,overcast clouds
521,North Bend,US,43.4065,-124.2243,53.51,93,90,18.41,mist
522,Stephenville Crossing,CA,48.5,-58.4318,17.73,73,90,26.46,light shower snow
523,Medvedka,RU,61.1629,46.387,-19.12,99,56,2.06,broken clouds
524,Nueve De Julio,AR,-35.4444,-60.8831,70.63,21,0,17.16,clear sky
525,Peniche,PT,39.3558,-9.3811,56.1,81,40,18.66,scattered clouds
526,Brusque,BR,-27.0981,-48.9175,79.09,99,100,0.34,light rain
527,Sorland,NO,67.667,12.6934,34.18,63,100,32.95,overcast clouds
528,Palestine,PS,31.9216,35.2033,49.95,82,84,4.61,broken clouds
529,Waddan,LY,29.1614,16.139,52.9,56,0,5.53,clear sky
530,Lifford,IE,54.8319,-7.4836,37.04,77,94,8.95,overcast clouds
531,Mount Gambier,AU,-37.8333,140.7667,60.71,94,90,19.57,overcast clouds
532,Kemijarvi,FI,66.7131,27.4306,10.69,92,100,11.1,snow
533,Paamiut,GL,61.994,-49.6678,26.38,94,100,22.91,snow
534,Atbasar,KZ,51.8,68.3333,4.95,94,100,8.59,overcast clouds
535,Sistranda,NO,63.7256,8.834,27.9,72,100,3.36,light snow
536,Kangaatsiaq,GL,68.3065,-53.4641,33.55,55,100,22.55,overcast clouds
537,Concepcion Del Uruguay,AR,-32.4825,-58.2372,74.98,77,83,4.0,broken clouds
538,Nhulunbuy,AU,-12.2333,136.7667,93.81,55,40,11.5,scattered clouds
539,Langarud,IR,37.197,50.1535,49.98,84,100,5.84,overcast clouds
540,Najran,SA,17.4924,44.1277,52.45,78,97,5.08,overcast clouds
541,Yaan,NG,7.3833,8.5667,74.52,29,100,5.03,overcast clouds
542,Vilcun,CL,-38.65,-72.2333,52.54,84,88,1.72,overcast clouds
543,Obihiro,JP,42.9172,143.2044,29.61,62,2,14.18,clear sky
544,Bandarbeyla,SO,9.4942,50.8122,76.35,79,41,11.92,scattered clouds
545,Hirata,JP,35.4333,132.8167,40.96,87,75,3.44,broken clouds
546,Gorodets,RU,56.6514,43.475,8.28,98,23,6.02,few clouds
547,George Town,MY,5.4112,100.3354,80.89,78,20,1.01,few clouds
548,Agirish,RU,61.9247,63.0231,-4.14,86,72,9.82,broken clouds
549,Tuatapere,NZ,-46.1333,167.6833,54.82,72,100,8.86,overcast clouds
550,Axim,GH,4.8699,-2.2405,79.0,82,87,4.59,overcast clouds
551,Bastrop,US,32.7562,-91.8724,47.88,66,7,3.0,clear sky
552,Ankang,CN,32.68,109.0172,42.66,78,100,2.28,overcast clouds
553,Aksu,CN,41.1231,80.2644,20.86,61,47,3.47,scattered clouds
554,Fairbanks,US,64.8378,-147.7164,-18.9,75,1,0.0,clear sky
555,Charters Towers,AU,-20.1,146.2667,99.73,22,8,7.78,clear sky
556,Wana,PK,32.2989,69.5725,39.51,94,100,1.41,overcast clouds
557,Waitakere,NZ,-36.9175,174.6577,78.85,65,70,14.0,broken clouds
558,Ayagoz,KZ,47.9714,80.4392,28.63,97,100,10.29,light snow
559,Kununurra,AU,-15.7667,128.7333,89.58,58,62,6.91,broken clouds
560,Guymon,US,36.6828,-101.4816,48.15,33,1,8.05,clear sky
561,Rundu,NA,-17.9333,19.7667,70.03,70,96,4.14,overcast clouds
562,Ryotsu,JP,38.0833,138.4333,33.76,68,96,17.69,overcast clouds
563,Broken Hill,AU,-31.95,141.4333,76.71,27,0,14.97,clear sky
564,Mahudha,IN,22.8167,72.9333,66.38,61,75,5.08,broken clouds
565,Fez,MA,34.0372,-4.9998,52.05,100,75,6.91,broken clouds
566,Sobolevo,RU,54.4299,31.8996,33.4,99,100,14.52,snow
567,Whitianga,NZ,-36.8333,175.7,84.02,59,28,7.92,scattered clouds
568,Miyang,CN,24.4042,103.4428,53.62,85,31,4.38,scattered clouds
569,Lixourion,GR,38.2019,20.4314,55.31,84,46,8.59,scattered clouds
570,Asyut,EG,27.181,31.1837,51.6,67,0,5.01,clear sky
571,Banepa,NP,27.6298,85.5214,44.92,93,40,3.44,mist
572,Jiamusi,CN,46.8333,130.35,-3.86,83,96,7.43,overcast clouds
573,Sosnovo-Ozerskoye,RU,52.5249,111.5418,-5.51,97,100,2.28,overcast clouds
574,Fountain,US,38.6822,-104.7008,46.62,31,1,12.66,clear sky
575,Morant Bay,JM,17.8815,-76.4093,78.42,75,4,8.7,clear sky
576,Nouadhibou,MR,20.931,-17.0347,64.38,59,100,12.66,overcast clouds
577,Tateyama,JP,34.9833,139.8667,48.47,43,71,15.7,broken clouds
578,Atikokan,CA,48.7555,-91.6216,4.89,92,100,11.77,light snow
579,Puerto Baquerizo Moreno,EC,-0.9,-89.6,71.04,85,64,5.57,broken clouds
580,Ostrovnoy,RU,68.0531,39.5131,-0.4,98,100,12.33,overcast clouds
581,Isangel,VU,-19.55,169.2667,86.11,79,75,6.91,broken clouds
582,Amot,NO,59.5714,7.9877,15.76,94,91,5.44,overcast clouds
583,Mittersill,AT,47.2667,12.4833,38.86,92,86,5.23,overcast clouds
584,Altay,CN,47.8667,88.1167,21.22,66,100,4.99,overcast clouds
585,Petropavlovsk-Kamchatskiy,RU,53.0452,158.6483,30.79,51,20,11.18,few clouds
586,Mzimba,MW,-11.9,33.6,64.69,89,100,2.82,overcast clouds
587,Nortelandia,BR,-14.4547,-56.8028,73.6,97,100,4.29,overcast clouds
588,Yining,CN,29.0361,114.5636,48.78,86,100,2.98,overcast clouds
589,Krasnyy Oktyabr,RU,56.1167,38.8833,10.96,96,100,7.36,overcast clouds
590,Clonakilty,IE,51.6231,-8.8706,34.81,61,83,5.39,broken clouds
591,La Tuque,CA,47.4334,-72.7824,12.45,85,100,2.3,overcast clouds
592,Hirara,JP,24.8,125.2833,73.67,68,75,14.97,broken clouds
593,Luderitz,NA,-26.6481,15.1594,59.54,73,0,15.7,clear sky
594,Pachino,IT,36.7186,15.0907,50.04,86,0,13.4,clear sky
595,Saquena,PE,-4.6667,-73.5167,75.52,69,99,2.75,overcast clouds
596,Asfi,MA,32.2994,-9.2372,59.36,81,80,17.25,broken clouds
597,Ubrique,ES,36.6778,-5.446,49.75,97,36,3.04,scattered clouds
598,Kearney,US,40.6995,-99.0815,25.84,58,1,21.85,clear sky
599,Kudahuvadhoo,MV,2.6708,72.8944,81.37,75,100,9.75,overcast clouds
600,Sisimiut,GL,66.9395,-53.6735,36.1,52,100,17.74,overcast clouds
601,Karasjok,NO,69.4719,25.5112,10.51,95,100,14.99,light snow
602,Grand Gaube,MU,-20.0064,57.6608,77.4,81,78,3.0,broken clouds
603,Svetlogorsk,BY,52.6333,29.7333,37.71,97,100,15.05,overcast clouds
604,Otradnoye,RU,59.7775,30.8181,36.03,99,100,4.52,light snow
605,Bandundu,CD,-3.3167,17.3667,69.33,94,67,1.54,broken clouds
606,Santana Do Paraiso,BR,-19.3636,-42.5686,66.52,100,0,0.0,clear sky
607,Ukiah,US,39.1502,-123.2078,54.45,91,75,3.44,broken clouds
608,Graciano Sanchez,MX,23.9167,-99.2833,61.75,51,0,3.49,clear sky
609,Soddy-Daisy,US,35.2359,-85.1908,42.89,62,46,10.11,scattered clouds
610,Prieska,ZA,-29.6641,22.7474,70.61,25,0,6.02,clear sky
611,Olpad,IN,21.3333,72.75,69.78,64,8,4.23,clear sky
612,Grand-Santi,GF,4.25,-54.3833,72.57,86,97,2.77,overcast clouds
613,Acari,PE,-15.4311,-74.6158,72.41,77,10,3.29,clear sky
614,Salinas,US,36.6777,-121.6555,56.7,89,90,9.22,mist
615,Kinango,KE,-4.1372,39.3153,71.94,97,73,3.53,broken clouds
616,Marica,BR,-22.9194,-42.8186,82.31,83,100,7.27,overcast clouds
617,Vezirkopru,TR,41.1436,35.4547,30.69,79,23,3.71,few clouds
618,Mastic Beach,US,40.7668,-72.8521,35.98,76,1,1.01,clear sky
619,Nagato,JP,34.3833,131.2,46.31,63,100,6.89,overcast clouds
620,Bhakkar,PK,31.6253,71.0657,55.0,86,100,7.02,light rain
621,High Rock,BS,26.6208,-78.2833,64.42,62,46,8.66,scattered clouds
622,Hanting,CN,36.7708,119.2108,34.86,57,100,6.29,snow
623,Banda Aceh,ID,5.5577,95.3222,77.45,82,99,11.41,overcast clouds
624,Havelock,US,34.8791,-76.9013,45.93,79,90,3.0,overcast clouds
625,Selyatino,RU,55.5151,36.9775,21.15,86,90,8.95,light snow
626,Manoel Urbano,BR,-8.8389,-69.2597,75.25,89,100,3.6,overcast clouds
627,Coahuayana,MX,18.7333,-103.6833,83.68,84,0,0.72,clear sky
628,Xining,CN,36.6167,101.7667,25.79,37,2,2.21,clear sky
629,Buritis,BR,-15.6178,-46.4233,70.09,98,100,2.91,heavy intensity rain
630,Port Moresby,PG,-9.4431,147.1797,87.22,62,75,17.27,haze
631,Mamallapuram,IN,12.6264,80.1722,73.45,75,23,8.43,few clouds
632,San Luis De La Paz,MX,21.3,-100.5167,63.61,49,0,7.09,clear sky
633,Kashi,CN,39.4547,75.9797,28.26,58,40,6.71,scattered clouds
634,Dwarka,IN,22.2394,68.9678,69.96,62,54,12.53,broken clouds
635,Mongar,BT,27.2747,91.2396,44.06,55,47,4.7,scattered clouds
636,Nkhotakota,MW,-12.9274,34.2961,73.15,88,100,2.86,light rain
637,Kahului,US,20.8947,-156.47,80.62,76,20,16.11,few clouds
638,Sawankhalok,TH,17.316,99.8319,69.69,88,0,2.3,clear sky
639,Vacaria,BR,-28.5122,-50.9339,64.72,85,52,2.53,broken clouds
640,Kargasok,RU,59.0556,80.8572,4.42,93,100,10.63,overcast clouds
641,Port Hardy,CA,50.6996,-127.4199,35.6,93,75,0.0,broken clouds
642,Grimshaw,CA,56.1834,-117.6027,-29.58,75,40,8.05,scattered clouds
643,Manta,EC,-0.95,-80.7333,76.78,78,20,9.22,few clouds
644,Tommot,RU,58.9564,126.2925,-13.04,98,100,0.76,overcast clouds
645,Garissa,KE,-0.4536,39.6401,77.99,74,100,6.22,overcast clouds
646,Armidale,AU,-30.5167,151.65,74.8,58,41,11.03,scattered clouds
647,Kiruna,SE,67.8557,20.2251,4.12,85,90,0.0,light snow
648,Djambala,CG,-2.5447,14.7533,66.85,92,97,1.43,overcast clouds
649,Kulhudhuffushi,MV,6.6221,73.07,80.76,71,20,1.83,few clouds
650,Boke,GN,10.9409,-14.2967,70.09,93,7,1.68,clear sky
651,Mullovka,RU,54.2,49.4,-9.58,100,73,1.48,broken clouds
652,Belyy Yar,RU,53.6039,91.3903,6.69,85,100,2.24,mist
653,San Vicente,AR,-26.6167,-54.1333,65.68,90,35,1.57,scattered clouds
654,Muli,MV,2.9167,73.5667,81.54,76,99,13.13,overcast clouds
655,Danane,CI,7.2596,-8.155,68.52,77,14,1.25,few clouds
656,Manokwari,ID,-0.8667,134.0833,78.96,84,100,3.11,moderate rain
657,Benguela,AO,-12.5763,13.4055,74.59,88,100,2.73,overcast clouds
658,Ramshir,IR,30.8946,49.4092,44.35,75,0,8.14,clear sky
659,Cabinda,AO,-5.55,12.2,75.51,89,98,3.49,overcast clouds
660,Mendi,PG,-6.1761,143.6513,67.8,66,93,4.99,overcast clouds
661,Hambantota,LK,6.1241,81.1185,75.54,100,40,2.3,scattered clouds
662,Dillon,US,34.4166,-79.3712,44.65,53,73,5.7,broken clouds
663,Hvolsvollur,IS,63.7533,-20.2243,26.29,77,100,7.36,overcast clouds
664,Gacko,BA,43.1672,18.5353,39.33,97,100,6.76,overcast clouds
665,Yashkul,RU,46.1711,45.3435,28.89,82,34,14.03,scattered clouds
666,Hulja,EE,59.3522,26.2179,30.58,98,100,4.38,overcast clouds
667,Bolshaya Sosnova,RU,57.6713,54.6029,-15.63,100,35,4.32,scattered clouds
668,Luxor,EG,25.6989,32.6421,51.58,73,3,4.18,clear sky
669,Mahbubabad,IN,17.6167,80.0167,69.08,69,64,5.44,broken clouds
670,Gobabis,NA,-22.45,18.9667,73.47,31,99,1.77,overcast clouds
671,General Cepeda,MX,25.3833,-101.45,60.21,43,0,2.35,clear sky
672,Kalabo,ZM,-14.97,22.6814,66.9,89,100,4.0,overcast clouds
673,Waitati,NZ,-45.75,170.5667,55.47,95,91,9.75,overcast clouds
674,Zhezkazgan,KZ,47.8043,67.7144,10.38,92,40,6.71,mist
675,Wanning,CN,18.8003,110.3967,75.7,76,47,8.43,scattered clouds
676,Baiyin,CN,36.5583,104.2081,22.08,48,36,1.21,scattered clouds
677,Chernyshevskiy,RU,63.0128,112.4714,-20.54,96,99,2.71,overcast clouds
678,Whitehorse,CA,60.7161,-135.0538,-21.91,74,20,3.0,few clouds
679,Port-Gentil,GA,-0.7193,8.7815,79.25,83,83,7.09,broken clouds
680,Great Falls,US,47.5002,-111.3008,-9.31,66,90,0.0,overcast clouds
681,Pingzhuang,CN,42.0372,119.2889,21.99,35,0,1.25,clear sky
682,Jijiga,ET,9.35,42.8,61.86,82,79,4.7,broken clouds
683,Turhal,TR,40.3875,36.0811,28.38,77,34,4.23,scattered clouds
684,Marsaxlokk,MT,35.8419,14.5431,60.08,82,0,10.36,clear sky
685,Alexandria,EG,31.2156,29.9553,58.39,67,0,7.23,clear sky
686,Aquiraz,BR,-3.9014,-38.3911,81.21,77,99,8.55,overcast clouds
687,Dabola,GN,10.75,-11.1167,68.45,27,5,0.85,clear sky
688,Krasnogorskiy,RU,54.6025,61.231,-16.78,96,9,3.36,clear sky
689,Sikasso,ML,10.9167,-7.0,69.64,24,2,5.93,clear sky
690,Goma,CD,-1.6792,29.2228,59.94,86,58,3.94,broken clouds
691,Adeje,ES,28.1227,-16.726,64.98,45,0,8.05,clear sky
692,Fukue,JP,32.6881,128.8419,50.36,66,75,6.91,broken clouds
693,Locri,IT,38.2414,16.2623,54.82,50,0,6.08,clear sky
694,Palu,ID,-0.8917,119.8707,88.97,59,61,3.58,broken clouds
695,Batouri,CM,4.4333,14.3667,67.95,39,85,1.88,overcast clouds
696,Chara,RU,56.9064,118.2631,-11.29,84,83,0.78,broken clouds
697,Pierre,US,44.3683,-100.351,7.86,71,90,3.0,overcast clouds
698,Azul,AR,-36.777,-59.8585,63.34,42,2,13.65,clear sky
699,Sinnamary,GF,5.3833,-52.95,76.32,85,79,9.62,broken clouds
700,Abu Dhabi,AE,24.4667,54.3667,68.02,68,40,11.5,scattered clouds
701,Payakumbuh,ID,-0.2202,100.6308,82.26,63,35,1.79,scattered clouds
702,Tobetsu,JP,43.2169,141.5169,28.31,86,75,20.71,light shower snow
703,Callaway,US,30.153,-85.5699,50.92,87,90,1.99,overcast clouds
704,Pangnirtung,CA,66.1451,-65.7125,8.71,89,100,3.65,overcast clouds
